{
    "state": {
        "mood": 0.7200000000000001,
        "energy": 0.21999999999999992,
        "engagement": 1.0,
        "patience": 1.0,
        "curiosity": 1.0
    },
    "last_saved": "2026-06-03T13:29:47.398441"
}