{
    "state": {
        "mood": 0.7200000000000001,
        "energy": 0.38,
        "engagement": 1.0,
        "patience": 1.0,
        "curiosity": 0.9000000000000002
    },
    "last_saved": "2026-06-02T10:05:53.231489"
}