{
    "state": {
        "mood": 0.7200000000000001,
        "energy": 0.0,
        "engagement": 1.0,
        "patience": 1.0,
        "curiosity": 1.0
    },
    "last_saved": "2026-06-03T03:55:28.609354"
}