{
    "state": {
        "mood": 0.7200000000000001,
        "energy": 0.3199999999999998,
        "engagement": 1.0,
        "patience": 1.0,
        "curiosity": 1.0
    },
    "last_saved": "2026-06-02T20:50:28.007007"
}