{
    "state": {
        "mood": 0.6900000000000001,
        "energy": 0.9199999999999999,
        "engagement": 0.6,
        "patience": 1.0,
        "curiosity": 0.6
    },
    "last_saved": "2026-06-01T10:55:38.458597"
}