{
    "state": {
        "mood": 0.7200000000000001,
        "energy": 0.19999999999999976,
        "engagement": 1.0,
        "patience": 1.0,
        "curiosity": 1.0
    },
    "last_saved": "2026-06-02T21:03:51.600310"
}