{
    "state": {
        "mood": 0.7200000000000001,
        "energy": 0.0,
        "engagement": 1.0,
        "patience": 1.0,
        "curiosity": 0.9000000000000002
    },
    "last_saved": "2026-06-02T00:05:00.866629"
}