{
    "state": {
        "mood": 0.7200000000000001,
        "energy": 0.3599999999999993,
        "engagement": 0.9600000000000003,
        "patience": 1.0,
        "curiosity": 0.7000000000000001
    },
    "last_saved": "2026-06-01T17:35:46.830205"
}