{
    "state": {
        "mood": 0.6,
        "energy": 0.41999999999999904,
        "engagement": 1.0,
        "patience": 1.0,
        "curiosity": 0.65
    },
    "last_saved": "2026-06-02T21:00:27.906427"
}