{
    "state": {
        "mood": 0.6,
        "energy": 0.09999999999999928,
        "engagement": 1.0,
        "patience": 1.0,
        "curiosity": 0.6
    },
    "last_saved": "2026-06-01T23:42:27.013546"
}