{
    "state": {
        "mood": 0.6,
        "energy": 0.4399999999999993,
        "engagement": 1.0,
        "patience": 1.0,
        "curiosity": 0.6
    },
    "last_saved": "2026-06-02T12:32:31.786555"
}