{
    "state": {
        "mood": 0.6,
        "energy": 0.2599999999999999,
        "engagement": 1.0,
        "patience": 1.0,
        "curiosity": 0.65
    },
    "last_saved": "2026-06-03T13:10:12.646707"
}