{
    "state": {
        "mood": 0.6,
        "energy": 0.3799999999999991,
        "engagement": 1.0,
        "patience": 1.0,
        "curiosity": 0.65
    },
    "last_saved": "2026-06-02T15:55:08.834294"
}