{
    "state": {
        "mood": 0.6,
        "energy": 0.19999999999999993,
        "engagement": 1.0,
        "patience": 1.0,
        "curiosity": 0.65
    },
    "last_saved": "2026-06-03T13:32:13.483787"
}